{"id": "20250904130515", "best_params": {"n_estimators": 702, "learning_rate": 0.01916315762126148, "max_depth": 20, "subsample": 0.757297605299585, "colsample_bytree": 0.8712893306756, "min_child_weight": 3, "gamma": 0.8753123686891097, "reg_alpha": 0.8816156436665484, "reg_lambda": 0.6563661635923242, "grow_policy": "depthwise", "tree_method": "approx"}, "train_recall": 0.961990971955436, "best_average_accuracy_for_validation": 0.9011222222222222, "train_precision": 0.91166632534644, "train_accuracy": 0.9392777777777778, "train_f1": 0.9361528126642912, "train_confusion_matrix": [[44470, 3882], [1583, 40065]], "test_recall": 0.9175010883761427, "test_precision": 0.867998352553542, "test_accuracy": 0.898, "test_f1": 0.8920634920634921, "test_confusion_matrix": [[4765, 641], [379, 4215]]}